<?xml version="1.0" encoding="UTF-8"?>
<GenRun Id="impl_1" LaunchPart="xc7a100tcsg324-1" LaunchTime="1477083107">
  <File Type="RUN-CONSTRS" Name="$PDATADIR/runs/impl_1/constrs_in.xml"/>
  <File Type="RUN-SRCS" Name="$PDATADIR/runs/impl_1/sources.xml"/>
  <File Type="RUN-STRAT" Name="$PDATADIR/runs/impl_1/impl_1.psg"/>
  <File Type="PA-TCL" Name="LINEALIZADOR.tcl"/>
  <File Type="POSTROUTE-PHYSOPT-TIMING-PB" Name="LINEALIZADOR_timing_summary_postroute_physopted.pb"/>
  <File Type="INIT-TIMING" Name="LINEALIZADOR_timing_summary_init.rpt"/>
  <File Type="OPT-DCP" Name="LINEALIZADOR_opt.dcp"/>
  <File Type="OPT-DRC" Name="LINEALIZADOR_drc_opted.rpt"/>
  <File Type="OPT-HWDEF" Name="LINEALIZADOR.hwdef"/>
  <File Type="OPT-TIMING" Name="LINEALIZADOR_timing_summary_opted.rpt"/>
  <File Type="PWROPT-DCP" Name="LINEALIZADOR_pwropt.dcp"/>
  <File Type="PWROPT-DRC" Name="LINEALIZADOR_drc_pwropted.rpt"/>
  <File Type="PWROPT-TIMING" Name="LINEALIZADOR_timing_summary_pwropted.rpt"/>
  <File Type="PLACE-DCP" Name="LINEALIZADOR_placed.dcp"/>
  <File Type="PLACE-IO" Name="LINEALIZADOR_io_placed.rpt"/>
  <File Type="PLACE-CLK" Name="LINEALIZADOR_clock_utilization_placed.rpt"/>
  <File Type="PLACE-UTIL" Name="LINEALIZADOR_utilization_placed.rpt"/>
  <File Type="PLACE-UTIL-PB" Name="LINEALIZADOR_utilization_placed.pb"/>
  <File Type="POSTROUTE-PHYSOPT-TIMING" Name="LINEALIZADOR_timing_summary_postroute_physopted.rpt"/>
  <File Type="BG-BIT" Name="LINEALIZADOR.bit"/>
  <File Type="ROUTE-TIMING-RPX" Name="LINEALIZADOR_timing_summary_routed.rpx"/>
  <File Type="BG-BIN" Name="LINEALIZADOR.bin"/>
  <File Type="BITSTR-MSK" Name="LINEALIZADOR.msk"/>
  <File Type="ROUTE-CLK" Name="LINEALIZADOR_clock_utilization_routed.rpt"/>
  <File Type="BG-BGN" Name="LINEALIZADOR.bgn"/>
  <File Type="BITSTR-RBT" Name="LINEALIZADOR.rbt"/>
  <File Type="BITSTR-NKY" Name="LINEALIZADOR.nky"/>
  <File Type="POSTPLACE-PWROPT-DCP" Name="LINEALIZADOR_postplace_pwropt.dcp"/>
  <File Type="BITSTR-BMM" Name="LINEALIZADOR_bd.bmm"/>
  <File Type="POSTROUTE-PHYSOPT-TIMING-RPX" Name="LINEALIZADOR_timing_summary_postroute_physopted.rpx"/>
  <File Type="WBT-USG" Name="usage_statistics_webtalk.html"/>
  <File Type="RDI-RDI" Name="LINEALIZADOR.vdi"/>
  <File Type="PHYSOPT-TIMING" Name="LINEALIZADOR_timing_summary_physopted.rpt"/>
  <File Type="POSTROUTE-PHYSOPT-DCP" Name="LINEALIZADOR_postroute_physopt.dcp"/>
  <File Type="BG-DRC" Name="LINEALIZADOR.drc"/>
  <File Type="ROUTE-SIMILARITY" Name="LINEALIZADOR_incremental_reuse_routed.rpt"/>
  <File Type="BITSTR-MMI" Name="LINEALIZADOR.mmi"/>
  <File Type="PHYSOPT-DCP" Name="LINEALIZADOR_physopt.dcp"/>
  <File Type="BITSTR-SYSDEF" Name="LINEALIZADOR.sysdef"/>
  <File Type="PHYSOPT-DRC" Name="LINEALIZADOR_drc_physopted.rpt"/>
  <File Type="ROUTE-TIMING-PB" Name="LINEALIZADOR_timing_summary_routed.pb"/>
  <File Type="ROUTE-TIMINGSUMMARY" Name="LINEALIZADOR_timing_summary_routed.rpt"/>
  <File Type="ROUTE-STATUS-PB" Name="LINEALIZADOR_route_status.pb"/>
  <File Type="ROUTE-STATUS" Name="LINEALIZADOR_route_status.rpt"/>
  <File Type="ROUTE-PWR-SUM" Name="LINEALIZADOR_power_summary_routed.pb"/>
  <File Type="ROUTE-PWR" Name="LINEALIZADOR_power_routed.rpt"/>
  <File Type="ROUTE-DRC-PB" Name="LINEALIZADOR_drc_routed.pb"/>
  <File Type="ROUTE-DRC" Name="LINEALIZADOR_drc_routed.rpt"/>
  <File Type="ROUTE-DCP" Name="LINEALIZADOR_routed.dcp"/>
  <File Type="POSTPLACE-PWROPT-TIMING" Name="LINEALIZADOR_timing_summary_postplace_pwropted.rpt"/>
  <File Type="PLACE-TIMING" Name="LINEALIZADOR_timing_summary_placed.rpt"/>
  <File Type="PLACE-PRE-SIMILARITY" Name="LINEALIZADOR_incremental_reuse_pre_placed.rpt"/>
  <File Type="PLACE-SIMILARITY" Name="LINEALIZADOR_incremental_reuse_placed.rpt"/>
  <File Type="PLACE-CTRL" Name="LINEALIZADOR_control_sets_placed.rpt"/>
  <FileSet Name="sources" Type="DesignSrcs" RelSrcDir="$PSRCDIR/sources_1">
    <Filter Type="Srcs"/>
    <File Path="$PSRCDIR/sources_1/imports/new/Multiplexer_AC.v">
      <FileInfo>
        <Attr Name="ImportPath" Val="$PPRDIR/../../../../Documents/Documents/Juan Jose/Dropbox/Proyecto Graduación/RTL/sources_1/new/Multiplexer_AC.v"/>
        <Attr Name="ImportTime" Val="1457654216"/>
        <Attr Name="UsedIn" Val="synthesis"/>
        <Attr Name="UsedIn" Val="implementation"/>
        <Attr Name="UsedIn" Val="simulation"/>
      </FileInfo>
    </File>
    <File Path="$PSRCDIR/sources_1/imports/new/shift_mux.v">
      <FileInfo>
        <Attr Name="ImportPath" Val="$PPRDIR/../../../../Documents/Documents/Juan Jose/Dropbox/Proyecto Graduación/RTL/sources_1/new/shift_mux.v"/>
        <Attr Name="ImportTime" Val="1459168066"/>
        <Attr Name="UsedIn" Val="synthesis"/>
        <Attr Name="UsedIn" Val="implementation"/>
        <Attr Name="UsedIn" Val="simulation"/>
      </FileInfo>
    </File>
    <File Path="$PSRCDIR/sources_1/imports/new/Rotate_Mux_Array.v">
      <FileInfo>
        <Attr Name="ImportPath" Val="$PPRDIR/../../../../Documents/Documents/Juan Jose/Dropbox/Proyecto Graduación/RTL/sources_1/new/Rotate_Mux_Array.v"/>
        <Attr Name="ImportTime" Val="1459194896"/>
        <Attr Name="UsedIn" Val="synthesis"/>
        <Attr Name="UsedIn" Val="implementation"/>
        <Attr Name="UsedIn" Val="simulation"/>
      </FileInfo>
    </File>
    <File Path="$PSRCDIR/sources_1/imports/new/RegisterAdd.v">
      <FileInfo>
        <Attr Name="ImportPath" Val="$PPRDIR/../../../../Documents/PG/FINAL/FINAL.srcs/sources_1/imports/new/RegisterAdd.v"/>
        <Attr Name="ImportTime" Val="1476056350"/>
        <Attr Name="UsedIn" Val="synthesis"/>
        <Attr Name="UsedIn" Val="implementation"/>
        <Attr Name="UsedIn" Val="simulation"/>
      </FileInfo>
    </File>
    <File Path="$PSRCDIR/sources_1/imports/Add-Subt/Comparator_Less.v">
      <FileInfo>
        <Attr Name="ImportPath" Val="$PPRDIR/../../../../Documents/PG/FINAL/FINAL.srcs/sources_1/imports/Add-Subt/Comparator_Less.v"/>
        <Attr Name="ImportTime" Val="1476056350"/>
        <Attr Name="UsedIn" Val="synthesis"/>
        <Attr Name="UsedIn" Val="implementation"/>
        <Attr Name="UsedIn" Val="simulation"/>
      </FileInfo>
    </File>
    <File Path="$PSRCDIR/sources_1/imports/Add-Subt/Greater_Comparator.v">
      <FileInfo>
        <Attr Name="ImportPath" Val="$PPRDIR/../../../../Documents/PG/FINAL/FINAL.srcs/sources_1/imports/Add-Subt/Greater_Comparator.v"/>
        <Attr Name="ImportTime" Val="1476056350"/>
        <Attr Name="UsedIn" Val="synthesis"/>
        <Attr Name="UsedIn" Val="implementation"/>
        <Attr Name="UsedIn" Val="simulation"/>
      </FileInfo>
    </File>
    <File Path="$PSRCDIR/sources_1/imports/new/Priority_Codec_64.v">
      <FileInfo>
        <Attr Name="ImportPath" Val="$PPRDIR/../../../../Documents/Documents/Juan Jose/Dropbox/Proyecto Graduación/RTL/sources_1/new/Priority_Codec_64.v"/>
        <Attr Name="ImportTime" Val="1460020822"/>
        <Attr Name="UsedIn" Val="synthesis"/>
        <Attr Name="UsedIn" Val="implementation"/>
        <Attr Name="UsedIn" Val="simulation"/>
      </FileInfo>
    </File>
    <File Path="$PSRCDIR/sources_1/imports/new/Priority_Codec_32.v">
      <FileInfo>
        <Attr Name="ImportPath" Val="$PPRDIR/../../../../Documents/Documents/Juan Jose/Dropbox/Proyecto Graduación/RTL/sources_1/new/Priority_Codec_32.v"/>
        <Attr Name="ImportTime" Val="1459970760"/>
        <Attr Name="UsedIn" Val="synthesis"/>
        <Attr Name="UsedIn" Val="implementation"/>
        <Attr Name="UsedIn" Val="simulation"/>
      </FileInfo>
    </File>
    <File Path="$PSRCDIR/sources_1/imports/new/Mux_Array.v">
      <FileInfo>
        <Attr Name="ImportPath" Val="$PPRDIR/../../../../Documents/Documents/Juan Jose/Dropbox/Proyecto Graduación/RTL/sources_1/new/Mux_Array.v"/>
        <Attr Name="ImportTime" Val="1459957652"/>
        <Attr Name="UsedIn" Val="synthesis"/>
        <Attr Name="UsedIn" Val="implementation"/>
        <Attr Name="UsedIn" Val="simulation"/>
      </FileInfo>
    </File>
    <File Path="$PSRCDIR/sources_1/imports/Add-Subt/MultiplexTxT.v">
      <FileInfo>
        <Attr Name="ImportPath" Val="$PPRDIR/../../../../Documents/PG/FINAL/FINAL.srcs/sources_1/imports/Add-Subt/MultiplexTxT.v"/>
        <Attr Name="ImportTime" Val="1476056350"/>
        <Attr Name="UsedIn" Val="synthesis"/>
        <Attr Name="UsedIn" Val="implementation"/>
        <Attr Name="UsedIn" Val="simulation"/>
      </FileInfo>
    </File>
    <File Path="$PSRCDIR/sources_1/imports/Add-Subt/xor_tri.v">
      <FileInfo>
        <Attr Name="ImportPath" Val="$PPRDIR/../../../../Documents/PG/FINAL/FINAL.srcs/sources_1/imports/Add-Subt/xor_tri.v"/>
        <Attr Name="ImportTime" Val="1476056350"/>
        <Attr Name="UsedIn" Val="synthesis"/>
        <Attr Name="UsedIn" Val="implementation"/>
        <Attr Name="UsedIn" Val="simulation"/>
      </FileInfo>
    </File>
    <File Path="$PSRCDIR/sources_1/imports/Add-Subt/Comparator.v">
      <FileInfo>
        <Attr Name="ImportPath" Val="$PPRDIR/../../../../Documents/PG/FINAL/FINAL.srcs/sources_1/imports/Add-Subt/Comparator.v"/>
        <Attr Name="ImportTime" Val="1476056350"/>
        <Attr Name="UsedIn" Val="synthesis"/>
        <Attr Name="UsedIn" Val="implementation"/>
        <Attr Name="UsedIn" Val="simulation"/>
      </FileInfo>
    </File>
    <File Path="$PSRCDIR/sources_1/imports/Add-Subt/sgn_result.v">
      <FileInfo>
        <Attr Name="ImportPath" Val="$PPRDIR/../../../../Documents/PG/FINAL/FINAL.srcs/sources_1/imports/Add-Subt/sgn_result.v"/>
        <Attr Name="ImportTime" Val="1476056350"/>
        <Attr Name="UsedIn" Val="synthesis"/>
        <Attr Name="UsedIn" Val="implementation"/>
        <Attr Name="UsedIn" Val="simulation"/>
      </FileInfo>
    </File>
    <File Path="$PSRCDIR/sources_1/imports/Add-Subt/Comparators.v">
      <FileInfo>
        <Attr Name="ImportPath" Val="$PPRDIR/../../../../Documents/PG/FINAL/FINAL.srcs/sources_1/imports/Add-Subt/Comparators.v"/>
        <Attr Name="ImportTime" Val="1476056350"/>
        <Attr Name="UsedIn" Val="synthesis"/>
        <Attr Name="UsedIn" Val="implementation"/>
        <Attr Name="UsedIn" Val="simulation"/>
      </FileInfo>
    </File>
    <File Path="$PSRCDIR/sources_1/imports/Add-Subt/add_sub_carry_out.v">
      <FileInfo>
        <Attr Name="ImportPath" Val="$PPRDIR/../../../../Documents/PG/FINAL/FINAL.srcs/sources_1/imports/Add-Subt/add_sub_carry_out.v"/>
        <Attr Name="ImportTime" Val="1476056350"/>
        <Attr Name="UsedIn" Val="synthesis"/>
        <Attr Name="UsedIn" Val="implementation"/>
        <Attr Name="UsedIn" Val="simulation"/>
      </FileInfo>
    </File>
    <File Path="$PSRCDIR/sources_1/imports/new/Mux_3x1.v">
      <FileInfo>
        <Attr Name="ImportPath" Val="$PPRDIR/../../../../Documents/Documents/Juan Jose/Dropbox/Proyecto Graduación/RTL/sources_1/new/Mux_3x1.v"/>
        <Attr Name="ImportTime" Val="1459193608"/>
        <Attr Name="UsedIn" Val="synthesis"/>
        <Attr Name="UsedIn" Val="implementation"/>
        <Attr Name="UsedIn" Val="simulation"/>
      </FileInfo>
    </File>
    <File Path="$PSRCDIR/sources_1/imports/new/Barrel_shifter.v">
      <FileInfo>
        <Attr Name="ImportPath" Val="$PPRDIR/../../../../Documents/Documents/Juan Jose/Dropbox/Proyecto Graduación/RTL/sources_1/new/Barrel_shifter.v"/>
        <Attr Name="ImportTime" Val="1459944346"/>
        <Attr Name="UsedIn" Val="synthesis"/>
        <Attr Name="UsedIn" Val="implementation"/>
        <Attr Name="UsedIn" Val="simulation"/>
      </FileInfo>
    </File>
    <File Path="$PSRCDIR/sources_1/imports/Add-Subt/FSM_Add_Subtract.v">
      <FileInfo>
        <Attr Name="ImportPath" Val="$PPRDIR/../../../../Documents/PG/FINAL/FINAL.srcs/sources_1/imports/Add-Subt/FSM_Add_Subtract.v"/>
        <Attr Name="ImportTime" Val="1476056350"/>
        <Attr Name="UsedIn" Val="synthesis"/>
        <Attr Name="UsedIn" Val="implementation"/>
        <Attr Name="UsedIn" Val="simulation"/>
      </FileInfo>
    </File>
    <File Path="$PSRCDIR/sources_1/imports/Add-Subt/Oper_Start_In.v">
      <FileInfo>
        <Attr Name="ImportPath" Val="$PPRDIR/../../../../Documents/PG/FINAL/FINAL.srcs/sources_1/imports/Add-Subt/Oper_Start_In.v"/>
        <Attr Name="ImportTime" Val="1476056350"/>
        <Attr Name="UsedIn" Val="synthesis"/>
        <Attr Name="UsedIn" Val="implementation"/>
        <Attr Name="UsedIn" Val="simulation"/>
      </FileInfo>
    </File>
    <File Path="$PSRCDIR/sources_1/imports/Add-Subt/exp_operation.v">
      <FileInfo>
        <Attr Name="ImportPath" Val="$PPRDIR/../../../../Documents/PG/FINAL/FINAL.srcs/sources_1/imports/Add-Subt/exp_operation.v"/>
        <Attr Name="ImportTime" Val="1476056350"/>
        <Attr Name="UsedIn" Val="synthesis"/>
        <Attr Name="UsedIn" Val="implementation"/>
        <Attr Name="UsedIn" Val="simulation"/>
      </FileInfo>
    </File>
    <File Path="$PSRCDIR/sources_1/imports/Add-Subt/Add_Subt.v">
      <FileInfo>
        <Attr Name="ImportPath" Val="$PPRDIR/../../../../Documents/PG/FINAL/FINAL.srcs/sources_1/imports/Add-Subt/Add_Subt.v"/>
        <Attr Name="ImportTime" Val="1476056350"/>
        <Attr Name="UsedIn" Val="synthesis"/>
        <Attr Name="UsedIn" Val="implementation"/>
        <Attr Name="UsedIn" Val="simulation"/>
      </FileInfo>
    </File>
    <File Path="$PSRCDIR/sources_1/imports/Add-Subt/Tenth_Phase.v">
      <FileInfo>
        <Attr Name="ImportPath" Val="$PPRDIR/../../../../Documents/PG/FINAL/FINAL.srcs/sources_1/imports/Add-Subt/Tenth_Phase.v"/>
        <Attr Name="ImportTime" Val="1476056350"/>
        <Attr Name="UsedIn" Val="synthesis"/>
        <Attr Name="UsedIn" Val="implementation"/>
        <Attr Name="UsedIn" Val="simulation"/>
      </FileInfo>
    </File>
    <File Path="$PSRCDIR/sources_1/imports/Add-Subt/Round_Sgf_Dec.v">
      <FileInfo>
        <Attr Name="ImportPath" Val="$PPRDIR/../../../../Documents/PG/FINAL/FINAL.srcs/sources_1/imports/Add-Subt/Round_Sgf_Dec.v"/>
        <Attr Name="ImportTime" Val="1476056350"/>
        <Attr Name="UsedIn" Val="synthesis"/>
        <Attr Name="UsedIn" Val="implementation"/>
        <Attr Name="UsedIn" Val="simulation"/>
      </FileInfo>
    </File>
    <File Path="$PSRCDIR/sources_1/imports/Add-Subt/LZD.v">
      <FileInfo>
        <Attr Name="ImportPath" Val="$PPRDIR/../../../../Documents/PG/FINAL/FINAL.srcs/sources_1/imports/Add-Subt/LZD.v"/>
        <Attr Name="ImportTime" Val="1476056350"/>
        <Attr Name="UsedIn" Val="synthesis"/>
        <Attr Name="UsedIn" Val="implementation"/>
        <Attr Name="UsedIn" Val="simulation"/>
      </FileInfo>
    </File>
    <File Path="$PSRCDIR/sources_1/imports/new/S_ADD.v">
      <FileInfo>
        <Attr Name="ImportPath" Val="$PPRDIR/../../../../Documents/Documents/Juan Jose/Dropbox/Proyecto Graduación/RTL/sources_1/new/S_ADD.v"/>
        <Attr Name="ImportTime" Val="1456923496"/>
        <Attr Name="UsedIn" Val="synthesis"/>
        <Attr Name="UsedIn" Val="implementation"/>
        <Attr Name="UsedIn" Val="simulation"/>
      </FileInfo>
    </File>
    <File Path="$PSRCDIR/sources_1/imports/new/FF_D.v">
      <FileInfo>
        <Attr Name="ImportPath" Val="$PPRDIR/../../../../Documents/Documents/Juan Jose/Dropbox/Proyecto Graduación/RTL/sources_1/new/FF_D.v"/>
        <Attr Name="ImportTime" Val="1459659534"/>
        <Attr Name="UsedIn" Val="synthesis"/>
        <Attr Name="UsedIn" Val="implementation"/>
        <Attr Name="UsedIn" Val="simulation"/>
      </FileInfo>
    </File>
    <File Path="$PSRCDIR/sources_1/imports/new/Mux_2x1.v">
      <FileInfo>
        <Attr Name="ImportPath" Val="$PPRDIR/../../../../Documents/Documents/Juan Jose/Dropbox/Proyecto Graduación/RTL/sources_1/new/Mux_2x1.v"/>
        <Attr Name="ImportTime" Val="1456922878"/>
        <Attr Name="UsedIn" Val="synthesis"/>
        <Attr Name="UsedIn" Val="implementation"/>
        <Attr Name="UsedIn" Val="simulation"/>
      </FileInfo>
    </File>
    <File Path="$PSRCDIR/sources_1/imports/new/COUNTER_5B.v">
      <FileInfo>
        <Attr Name="ImportPath" Val="$PPRDIR/../../../../Documents/Documents/Juan Jose/Dropbox/Proyecto Graduación/RTL/sources_1/new/COUNTER_5B.v"/>
        <Attr Name="ImportTime" Val="1457216160"/>
        <Attr Name="UsedIn" Val="synthesis"/>
        <Attr Name="UsedIn" Val="implementation"/>
        <Attr Name="UsedIn" Val="simulation"/>
      </FileInfo>
    </File>
    <File Path="$PSRCDIR/sources_1/imports/new/SIGN.v">
      <FileInfo>
        <Attr Name="ImportPath" Val="$PPRDIR/../../../../Documents/Documents/Juan Jose/Dropbox/Proyecto Graduación/RTL/sources_1/new/SIGN.v"/>
        <Attr Name="ImportTime" Val="1457224888"/>
        <Attr Name="UsedIn" Val="synthesis"/>
        <Attr Name="UsedIn" Val="implementation"/>
        <Attr Name="UsedIn" Val="simulation"/>
      </FileInfo>
    </File>
    <File Path="$PSRCDIR/sources_1/imports/new/S_SUBT.v">
      <FileInfo>
        <Attr Name="ImportPath" Val="$PPRDIR/../../../../Documents/Documents/Juan Jose/Dropbox/Proyecto Graduación/RTL/sources_1/new/S_SUBT.v"/>
        <Attr Name="ImportTime" Val="1458072570"/>
        <Attr Name="UsedIn" Val="synthesis"/>
        <Attr Name="UsedIn" Val="implementation"/>
        <Attr Name="UsedIn" Val="simulation"/>
      </FileInfo>
    </File>
    <File Path="$PSRCDIR/sources_1/imports/new/LUT_Z.v">
      <FileInfo>
        <Attr Name="ImportPath" Val="$PPRDIR/../../../../Documents/Documents/Juan Jose/Dropbox/Proyecto Graduación/RTL/sources_1/new/LUT_Z.v"/>
        <Attr Name="ImportTime" Val="1459702796"/>
        <Attr Name="UsedIn" Val="synthesis"/>
        <Attr Name="UsedIn" Val="implementation"/>
        <Attr Name="UsedIn" Val="simulation"/>
      </FileInfo>
    </File>
    <File Path="$PSRCDIR/sources_1/imports/new/LUT_SHIFT.v">
      <FileInfo>
        <Attr Name="ImportPath" Val="$PPRDIR/../../../../Documents/Documents/Juan Jose/Dropbox/Proyecto Graduación/RTL/sources_1/new/LUT_SHIFT.v"/>
        <Attr Name="ImportTime" Val="1457224434"/>
        <Attr Name="UsedIn" Val="synthesis"/>
        <Attr Name="UsedIn" Val="implementation"/>
        <Attr Name="UsedIn" Val="simulation"/>
      </FileInfo>
    </File>
    <File Path="$PSRCDIR/sources_1/imports/Add-Subt/FPU_Add_Subtract_Function.v">
      <FileInfo>
        <Attr Name="ImportPath" Val="$PPRDIR/../../../../Documents/PG/FINAL/FINAL.srcs/sources_1/imports/Add-Subt/FPU_Add_Subtract_Function.v"/>
        <Attr Name="ImportTime" Val="1476056350"/>
        <Attr Name="UsedIn" Val="synthesis"/>
        <Attr Name="UsedIn" Val="implementation"/>
        <Attr Name="UsedIn" Val="simulation"/>
      </FileInfo>
    </File>
    <File Path="$PSRCDIR/sources_1/imports/new/Coprocesador_CORDIC.v">
      <FileInfo>
        <Attr Name="ImportPath" Val="$PPRDIR/../../../../Documents/Documents/Juan Jose/Dropbox/Proyecto Graduación/RTL/sources_1/new/Coprocesador_CORDIC.v"/>
        <Attr Name="ImportTime" Val="1467572988"/>
        <Attr Name="UsedIn" Val="synthesis"/>
        <Attr Name="UsedIn" Val="implementation"/>
        <Attr Name="UsedIn" Val="simulation"/>
      </FileInfo>
    </File>
    <File Path="$PSRCDIR/sources_1/imports/new/FSM_C_CORDIC.v">
      <FileInfo>
        <Attr Name="ImportPath" Val="$PPRDIR/../../../../Documents/Documents/Juan Jose/Dropbox/Proyecto Graduación/RTL/sources_1/new/FSM_C_CORDIC.v"/>
        <Attr Name="ImportTime" Val="1464540350"/>
        <Attr Name="UsedIn" Val="synthesis"/>
        <Attr Name="UsedIn" Val="implementation"/>
        <Attr Name="UsedIn" Val="simulation"/>
      </FileInfo>
    </File>
    <File Path="$PSRCDIR/sources_1/imports/new/LINEALIZADOR.v">
      <FileInfo>
        <Attr Name="ImportPath" Val="$PPRDIR/../../../../Documents/Documents/Juan Jose/Dropbox/Proyecto Graduación/RTL/sources_1/new/LINEALIZADOR.v"/>
        <Attr Name="ImportTime" Val="1460241266"/>
        <Attr Name="UsedIn" Val="synthesis"/>
        <Attr Name="UsedIn" Val="implementation"/>
        <Attr Name="UsedIn" Val="simulation"/>
      </FileInfo>
    </File>
    <Config>
      <Option Name="DesignMode" Val="RTL"/>
      <Option Name="TopModule" Val="LINEALIZADOR"/>
      <Option Name="TopAutoSet" Val="TRUE"/>
    </Config>
  </FileSet>
  <FileSet Name="constrs_in" Type="Constrs" RelSrcDir="$PSRCDIR/constrs_1">
    <Filter Type="Constrs"/>
    <Config>
      <Option Name="ConstrsType" Val="XDC"/>
    </Config>
  </FileSet>
  <Strategy Version="1" Minor="2">
    <StratHandle Name="Vivado Implementation Defaults" Flow="Vivado Implementation 2015"/>
    <Step Id="init_design"/>
    <Step Id="opt_design"/>
    <Step Id="power_opt_design"/>
    <Step Id="place_design"/>
    <Step Id="post_place_power_opt_design"/>
    <Step Id="phys_opt_design"/>
    <Step Id="route_design"/>
    <Step Id="post_route_phys_opt_design"/>
    <Step Id="write_bitstream"/>
  </Strategy>
</GenRun>
