<?xml version="1.0" encoding="UTF-8"?>
<GenRun Id="synth_1" LaunchPart="xc7a100tcsg324-1" LaunchTime="1477601232">
  <File Type="PA-TCL" Name="FP_Mul.tcl"/>
  <File Type="RDS-PROPCONSTRS" Name="FP_Mul_drc_synth.rpt"/>
  <File Type="RDS-RDS" Name="FP_Mul.vds"/>
  <File Type="RDS-UTIL" Name="FP_Mul_utilization_synth.rpt"/>
  <File Type="RDS-UTIL-PB" Name="FP_Mul_utilization_synth.pb"/>
  <File Type="RDS-DCP" Name="FP_Mul.dcp"/>
  <File Type="VDS-TIMINGSUMMARY" Name="FP_Mul_timing_summary_synth.rpt"/>
  <File Type="VDS-TIMING-PB" Name="FP_Mul_timing_summary_synth.pb"/>
  <FileSet Name="sources" Type="DesignSrcs" RelSrcDir="$PSRCDIR/sources_1">
    <Filter Type="Srcs"/>
    <File Path="$PSRCDIR/sources_1/imports/FPMult/FPMult.v">
      <FileInfo>
        <Attr Name="ImportPath" Val="$PPRDIR/../../../../../DSP48E1-FP-master/DSP48E1-FP-master/src/FPMult/FPMult.v"/>
        <Attr Name="ImportTime" Val="1477390265"/>
        <Attr Name="UsedIn" Val="synthesis"/>
        <Attr Name="UsedIn" Val="implementation"/>
        <Attr Name="UsedIn" Val="simulation"/>
      </FileInfo>
    </File>
    <Config>
      <Option Name="DesignMode" Val="RTL"/>
      <Option Name="TopModule" Val="FP_Mul"/>
      <Option Name="TopAutoSet" Val="TRUE"/>
    </Config>
  </FileSet>
  <FileSet Name="constrs_in" Type="Constrs" RelSrcDir="$PSRCDIR/constrs_1">
    <Filter Type="Constrs"/>
    <Config>
      <Option Name="ConstrsType" Val="XDC"/>
    </Config>
  </FileSet>
  <Strategy Version="1" Minor="2">
    <StratHandle Name="Vivado Synthesis Defaults" Flow="Vivado Synthesis 2016"/>
    <Step Id="synth_design"/>
  </Strategy>
</GenRun>
