<?xml version="1.0" encoding="UTF-8"?>
<GenRun Id="synth_1" LaunchPart="xc7a100tcsg324-1" LaunchTime="1477081038">
  <File Type="RUN-CONSTRS" Name="$PDATADIR/runs/synth_1/constrs_in.xml"/>
  <File Type="RUN-SRCS" Name="$PDATADIR/runs/synth_1/sources.xml"/>
  <File Type="RUN-STRAT" Name="$PDATADIR/runs/synth_1/synth_1.psg"/>
  <File Type="PA-TCL" Name="LINEALIZADOR.tcl"/>
  <File Type="RDS-RDS" Name="LINEALIZADOR.vds"/>
  <File Type="VDS-TIMINGSUMMARY" Name="LINEALIZADOR_timing_summary_synth.rpt"/>
  <File Type="VDS-TIMING-PB" Name="LINEALIZADOR_timing_summary_synth.pb"/>
  <File Type="RDS-DCP" Name="LINEALIZADOR.dcp"/>
  <File Type="RDS-UTIL-PB" Name="LINEALIZADOR_utilization_synth.pb"/>
  <File Type="RDS-UTIL" Name="LINEALIZADOR_utilization_synth.rpt"/>
  <File Type="RDS-PROPCONSTRS" Name="LINEALIZADOR_drc_synth.rpt"/>
  <FileSet Name="sources" Type="DesignSrcs" RelSrcDir="$PSRCDIR/sources_1">
    <Filter Type="Srcs"/>
    <File Path="$PSRCDIR/sources_1/imports/new/Multiplexer_AC.v">
      <FileInfo>
        <Attr Name="ImportPath" Val="$PPRDIR/../../../../Documents/Documents/Juan Jose/Dropbox/Proyecto Graduación/RTL/sources_1/new/Multiplexer_AC.v"/>
        <Attr Name="ImportTime" Val="1457654216"/>
        <Attr Name="UsedIn" Val="synthesis"/>
        <Attr Name="UsedIn" Val="implementation"/>
        <Attr Name="UsedIn" Val="simulation"/>
      </FileInfo>
    </File>
    <File Path="$PSRCDIR/sources_1/imports/new/shift_mux.v">
      <FileInfo>
        <Attr Name="ImportPath" Val="$PPRDIR/../../../../Documents/Documents/Juan Jose/Dropbox/Proyecto Graduación/RTL/sources_1/new/shift_mux.v"/>
        <Attr Name="ImportTime" Val="1459168066"/>
        <Attr Name="UsedIn" Val="synthesis"/>
        <Attr Name="UsedIn" Val="implementation"/>
        <Attr Name="UsedIn" Val="simulation"/>
      </FileInfo>
    </File>
    <File Path="$PSRCDIR/sources_1/imports/new/Rotate_Mux_Array.v">
      <FileInfo>
        <Attr Name="ImportPath" Val="$PPRDIR/../../../../Documents/Documents/Juan Jose/Dropbox/Proyecto Graduación/RTL/sources_1/new/Rotate_Mux_Array.v"/>
        <Attr Name="ImportTime" Val="1459194896"/>
        <Attr Name="UsedIn" Val="synthesis"/>
        <Attr Name="UsedIn" Val="implementation"/>
        <Attr Name="UsedIn" Val="simulation"/>
      </FileInfo>
    </File>
    <File Path="$PSRCDIR/sources_1/imports/new/RegisterAdd.v">
      <FileInfo>
        <Attr Name="ImportPath" Val="$PPRDIR/../../../../Documents/PG/FINAL/FINAL.srcs/sources_1/imports/new/RegisterAdd.v"/>
        <Attr Name="ImportTime" Val="1476056350"/>
        <Attr Name="UsedIn" Val="synthesis"/>
        <Attr Name="UsedIn" Val="implementation"/>
        <Attr Name="UsedIn" Val="simulation"/>
      </FileInfo>
    </File>
    <File Path="$PSRCDIR/sources_1/imports/Add-Subt/Comparator_Less.v">
      <FileInfo>
        <Attr Name="ImportPath" Val="$PPRDIR/../../../../Documents/PG/FINAL/FINAL.srcs/sources_1/imports/Add-Subt/Comparator_Less.v"/>
        <Attr Name="ImportTime" Val="1476056350"/>
        <Attr Name="UsedIn" Val="synthesis"/>
        <Attr Name="UsedIn" Val="implementation"/>
        <Attr Name="UsedIn" Val="simulation"/>
      </FileInfo>
    </File>
    <File Path="$PSRCDIR/sources_1/imports/Add-Subt/Greater_Comparator.v">
      <FileInfo>
        <Attr Name="ImportPath" Val="$PPRDIR/../../../../Documents/PG/FINAL/FINAL.srcs/sources_1/imports/Add-Subt/Greater_Comparator.v"/>
        <Attr Name="ImportTime" Val="1476056350"/>
        <Attr Name="UsedIn" Val="synthesis"/>
        <Attr Name="UsedIn" Val="implementation"/>
        <Attr Name="UsedIn" Val="simulation"/>
      </FileInfo>
    </File>
    <File Path="$PSRCDIR/sources_1/imports/new/Priority_Codec_64.v">
      <FileInfo>
        <Attr Name="ImportPath" Val="$PPRDIR/../../../../Documents/Documents/Juan Jose/Dropbox/Proyecto Graduación/RTL/sources_1/new/Priority_Codec_64.v"/>
        <Attr Name="ImportTime" Val="1460020822"/>
        <Attr Name="UsedIn" Val="synthesis"/>
        <Attr Name="UsedIn" Val="implementation"/>
        <Attr Name="UsedIn" Val="simulation"/>
      </FileInfo>
    </File>
    <File Path="$PSRCDIR/sources_1/imports/new/Priority_Codec_32.v">
      <FileInfo>
        <Attr Name="ImportPath" Val="$PPRDIR/../../../../Documents/Documents/Juan Jose/Dropbox/Proyecto Graduación/RTL/sources_1/new/Priority_Codec_32.v"/>
        <Attr Name="ImportTime" Val="1459970760"/>
        <Attr Name="UsedIn" Val="synthesis"/>
        <Attr Name="UsedIn" Val="implementation"/>
        <Attr Name="UsedIn" Val="simulation"/>
      </FileInfo>
    </File>
    <File Path="$PSRCDIR/sources_1/imports/new/Mux_Array.v">
      <FileInfo>
        <Attr Name="ImportPath" Val="$PPRDIR/../../../../Documents/Documents/Juan Jose/Dropbox/Proyecto Graduación/RTL/sources_1/new/Mux_Array.v"/>
        <Attr Name="ImportTime" Val="1459957652"/>
        <Attr Name="UsedIn" Val="synthesis"/>
        <Attr Name="UsedIn" Val="implementation"/>
        <Attr Name="UsedIn" Val="simulation"/>
      </FileInfo>
    </File>
    <File Path="$PSRCDIR/sources_1/imports/Add-Subt/MultiplexTxT.v">
      <FileInfo>
        <Attr Name="ImportPath" Val="$PPRDIR/../../../../Documents/PG/FINAL/FINAL.srcs/sources_1/imports/Add-Subt/MultiplexTxT.v"/>
        <Attr Name="ImportTime" Val="1476056350"/>
        <Attr Name="UsedIn" Val="synthesis"/>
        <Attr Name="UsedIn" Val="implementation"/>
        <Attr Name="UsedIn" Val="simulation"/>
      </FileInfo>
    </File>
    <File Path="$PSRCDIR/sources_1/imports/Add-Subt/xor_tri.v">
      <FileInfo>
        <Attr Name="ImportPath" Val="$PPRDIR/../../../../Documents/PG/FINAL/FINAL.srcs/sources_1/imports/Add-Subt/xor_tri.v"/>
        <Attr Name="ImportTime" Val="1476056350"/>
        <Attr Name="UsedIn" Val="synthesis"/>
        <Attr Name="UsedIn" Val="implementation"/>
        <Attr Name="UsedIn" Val="simulation"/>
      </FileInfo>
    </File>
    <File Path="$PSRCDIR/sources_1/imports/Add-Subt/Comparator.v">
      <FileInfo>
        <Attr Name="ImportPath" Val="$PPRDIR/../../../../Documents/PG/FINAL/FINAL.srcs/sources_1/imports/Add-Subt/Comparator.v"/>
        <Attr Name="ImportTime" Val="1476056350"/>
        <Attr Name="UsedIn" Val="synthesis"/>
        <Attr Name="UsedIn" Val="implementation"/>
        <Attr Name="UsedIn" Val="simulation"/>
      </FileInfo>
    </File>
    <File Path="$PSRCDIR/sources_1/imports/Add-Subt/sgn_result.v">
      <FileInfo>
        <Attr Name="ImportPath" Val="$PPRDIR/../../../../Documents/PG/FINAL/FINAL.srcs/sources_1/imports/Add-Subt/sgn_result.v"/>
        <Attr Name="ImportTime" Val="1476056350"/>
        <Attr Name="UsedIn" Val="synthesis"/>
        <Attr Name="UsedIn" Val="implementation"/>
        <Attr Name="UsedIn" Val="simulation"/>
      </FileInfo>
    </File>
    <File Path="$PSRCDIR/sources_1/imports/Add-Subt/Comparators.v">
      <FileInfo>
        <Attr Name="ImportPath" Val="$PPRDIR/../../../../Documents/PG/FINAL/FINAL.srcs/sources_1/imports/Add-Subt/Comparators.v"/>
        <Attr Name="ImportTime" Val="1476056350"/>
        <Attr Name="UsedIn" Val="synthesis"/>
        <Attr Name="UsedIn" Val="implementation"/>
        <Attr Name="UsedIn" Val="simulation"/>
      </FileInfo>
    </File>
    <File Path="$PSRCDIR/sources_1/imports/Add-Subt/add_sub_carry_out.v">
      <FileInfo>
        <Attr Name="ImportPath" Val="$PPRDIR/../../../../Documents/PG/FINAL/FINAL.srcs/sources_1/imports/Add-Subt/add_sub_carry_out.v"/>
        <Attr Name="ImportTime" Val="1476056350"/>
        <Attr Name="UsedIn" Val="synthesis"/>
        <Attr Name="UsedIn" Val="implementation"/>
        <Attr Name="UsedIn" Val="simulation"/>
      </FileInfo>
    </File>
    <File Path="$PSRCDIR/sources_1/imports/new/Mux_3x1.v">
      <FileInfo>
        <Attr Name="ImportPath" Val="$PPRDIR/../../../../Documents/Documents/Juan Jose/Dropbox/Proyecto Graduación/RTL/sources_1/new/Mux_3x1.v"/>
        <Attr Name="ImportTime" Val="1459193608"/>
        <Attr Name="UsedIn" Val="synthesis"/>
        <Attr Name="UsedIn" Val="implementation"/>
        <Attr Name="UsedIn" Val="simulation"/>
      </FileInfo>
    </File>
    <File Path="$PSRCDIR/sources_1/imports/new/Barrel_shifter.v">
      <FileInfo>
        <Attr Name="ImportPath" Val="$PPRDIR/../../../../Documents/Documents/Juan Jose/Dropbox/Proyecto Graduación/RTL/sources_1/new/Barrel_shifter.v"/>
        <Attr Name="ImportTime" Val="1459944346"/>
        <Attr Name="UsedIn" Val="synthesis"/>
        <Attr Name="UsedIn" Val="implementation"/>
        <Attr Name="UsedIn" Val="simulation"/>
      </FileInfo>
    </File>
    <File Path="$PSRCDIR/sources_1/imports/Add-Subt/FSM_Add_Subtract.v">
      <FileInfo>
        <Attr Name="ImportPath" Val="$PPRDIR/../../../../Documents/PG/FINAL/FINAL.srcs/sources_1/imports/Add-Subt/FSM_Add_Subtract.v"/>
        <Attr Name="ImportTime" Val="1476056350"/>
        <Attr Name="UsedIn" Val="synthesis"/>
        <Attr Name="UsedIn" Val="implementation"/>
        <Attr Name="UsedIn" Val="simulation"/>
      </FileInfo>
    </File>
    <File Path="$PSRCDIR/sources_1/imports/Add-Subt/Oper_Start_In.v">
      <FileInfo>
        <Attr Name="ImportPath" Val="$PPRDIR/../../../../Documents/PG/FINAL/FINAL.srcs/sources_1/imports/Add-Subt/Oper_Start_In.v"/>
        <Attr Name="ImportTime" Val="1476056350"/>
        <Attr Name="UsedIn" Val="synthesis"/>
        <Attr Name="UsedIn" Val="implementation"/>
        <Attr Name="UsedIn" Val="simulation"/>
      </FileInfo>
    </File>
    <File Path="$PSRCDIR/sources_1/imports/Add-Subt/exp_operation.v">
      <FileInfo>
        <Attr Name="ImportPath" Val="$PPRDIR/../../../../Documents/PG/FINAL/FINAL.srcs/sources_1/imports/Add-Subt/exp_operation.v"/>
        <Attr Name="ImportTime" Val="1476056350"/>
        <Attr Name="UsedIn" Val="synthesis"/>
        <Attr Name="UsedIn" Val="implementation"/>
        <Attr Name="UsedIn" Val="simulation"/>
      </FileInfo>
    </File>
    <File Path="$PSRCDIR/sources_1/imports/Add-Subt/Add_Subt.v">
      <FileInfo>
        <Attr Name="ImportPath" Val="$PPRDIR/../../../../Documents/PG/FINAL/FINAL.srcs/sources_1/imports/Add-Subt/Add_Subt.v"/>
        <Attr Name="ImportTime" Val="1476056350"/>
        <Attr Name="UsedIn" Val="synthesis"/>
        <Attr Name="UsedIn" Val="implementation"/>
        <Attr Name="UsedIn" Val="simulation"/>
      </FileInfo>
    </File>
    <File Path="$PSRCDIR/sources_1/imports/Add-Subt/Tenth_Phase.v">
      <FileInfo>
        <Attr Name="ImportPath" Val="$PPRDIR/../../../../Documents/PG/FINAL/FINAL.srcs/sources_1/imports/Add-Subt/Tenth_Phase.v"/>
        <Attr Name="ImportTime" Val="1476056350"/>
        <Attr Name="UsedIn" Val="synthesis"/>
        <Attr Name="UsedIn" Val="implementation"/>
        <Attr Name="UsedIn" Val="simulation"/>
      </FileInfo>
    </File>
    <File Path="$PSRCDIR/sources_1/imports/Add-Subt/Round_Sgf_Dec.v">
      <FileInfo>
        <Attr Name="ImportPath" Val="$PPRDIR/../../../../Documents/PG/FINAL/FINAL.srcs/sources_1/imports/Add-Subt/Round_Sgf_Dec.v"/>
        <Attr Name="ImportTime" Val="1476056350"/>
        <Attr Name="UsedIn" Val="synthesis"/>
        <Attr Name="UsedIn" Val="implementation"/>
        <Attr Name="UsedIn" Val="simulation"/>
      </FileInfo>
    </File>
    <File Path="$PSRCDIR/sources_1/imports/Add-Subt/LZD.v">
      <FileInfo>
        <Attr Name="ImportPath" Val="$PPRDIR/../../../../Documents/PG/FINAL/FINAL.srcs/sources_1/imports/Add-Subt/LZD.v"/>
        <Attr Name="ImportTime" Val="1476056350"/>
        <Attr Name="UsedIn" Val="synthesis"/>
        <Attr Name="UsedIn" Val="implementation"/>
        <Attr Name="UsedIn" Val="simulation"/>
      </FileInfo>
    </File>
    <File Path="$PSRCDIR/sources_1/imports/new/S_ADD.v">
      <FileInfo>
        <Attr Name="ImportPath" Val="$PPRDIR/../../../../Documents/Documents/Juan Jose/Dropbox/Proyecto Graduación/RTL/sources_1/new/S_ADD.v"/>
        <Attr Name="ImportTime" Val="1456923496"/>
        <Attr Name="UsedIn" Val="synthesis"/>
        <Attr Name="UsedIn" Val="implementation"/>
        <Attr Name="UsedIn" Val="simulation"/>
      </FileInfo>
    </File>
    <File Path="$PSRCDIR/sources_1/imports/new/FF_D.v">
      <FileInfo>
        <Attr Name="ImportPath" Val="$PPRDIR/../../../../Documents/Documents/Juan Jose/Dropbox/Proyecto Graduación/RTL/sources_1/new/FF_D.v"/>
        <Attr Name="ImportTime" Val="1459659534"/>
        <Attr Name="UsedIn" Val="synthesis"/>
        <Attr Name="UsedIn" Val="implementation"/>
        <Attr Name="UsedIn" Val="simulation"/>
      </FileInfo>
    </File>
    <File Path="$PSRCDIR/sources_1/imports/new/Mux_2x1.v">
      <FileInfo>
        <Attr Name="ImportPath" Val="$PPRDIR/../../../../Documents/Documents/Juan Jose/Dropbox/Proyecto Graduación/RTL/sources_1/new/Mux_2x1.v"/>
        <Attr Name="ImportTime" Val="1456922878"/>
        <Attr Name="UsedIn" Val="synthesis"/>
        <Attr Name="UsedIn" Val="implementation"/>
        <Attr Name="UsedIn" Val="simulation"/>
      </FileInfo>
    </File>
    <File Path="$PSRCDIR/sources_1/imports/new/COUNTER_5B.v">
      <FileInfo>
        <Attr Name="ImportPath" Val="$PPRDIR/../../../../Documents/Documents/Juan Jose/Dropbox/Proyecto Graduación/RTL/sources_1/new/COUNTER_5B.v"/>
        <Attr Name="ImportTime" Val="1457216160"/>
        <Attr Name="UsedIn" Val="synthesis"/>
        <Attr Name="UsedIn" Val="implementation"/>
        <Attr Name="UsedIn" Val="simulation"/>
      </FileInfo>
    </File>
    <File Path="$PSRCDIR/sources_1/imports/new/SIGN.v">
      <FileInfo>
        <Attr Name="ImportPath" Val="$PPRDIR/../../../../Documents/Documents/Juan Jose/Dropbox/Proyecto Graduación/RTL/sources_1/new/SIGN.v"/>
        <Attr Name="ImportTime" Val="1457224888"/>
        <Attr Name="UsedIn" Val="synthesis"/>
        <Attr Name="UsedIn" Val="implementation"/>
        <Attr Name="UsedIn" Val="simulation"/>
      </FileInfo>
    </File>
    <File Path="$PSRCDIR/sources_1/imports/new/S_SUBT.v">
      <FileInfo>
        <Attr Name="ImportPath" Val="$PPRDIR/../../../../Documents/Documents/Juan Jose/Dropbox/Proyecto Graduación/RTL/sources_1/new/S_SUBT.v"/>
        <Attr Name="ImportTime" Val="1458072570"/>
        <Attr Name="UsedIn" Val="synthesis"/>
        <Attr Name="UsedIn" Val="implementation"/>
        <Attr Name="UsedIn" Val="simulation"/>
      </FileInfo>
    </File>
    <File Path="$PSRCDIR/sources_1/imports/new/LUT_Z.v">
      <FileInfo>
        <Attr Name="ImportPath" Val="$PPRDIR/../../../../Documents/Documents/Juan Jose/Dropbox/Proyecto Graduación/RTL/sources_1/new/LUT_Z.v"/>
        <Attr Name="ImportTime" Val="1459702796"/>
        <Attr Name="UsedIn" Val="synthesis"/>
        <Attr Name="UsedIn" Val="implementation"/>
        <Attr Name="UsedIn" Val="simulation"/>
      </FileInfo>
    </File>
    <File Path="$PSRCDIR/sources_1/imports/new/LUT_SHIFT.v">
      <FileInfo>
        <Attr Name="ImportPath" Val="$PPRDIR/../../../../Documents/Documents/Juan Jose/Dropbox/Proyecto Graduación/RTL/sources_1/new/LUT_SHIFT.v"/>
        <Attr Name="ImportTime" Val="1457224434"/>
        <Attr Name="UsedIn" Val="synthesis"/>
        <Attr Name="UsedIn" Val="implementation"/>
        <Attr Name="UsedIn" Val="simulation"/>
      </FileInfo>
    </File>
    <File Path="$PSRCDIR/sources_1/imports/Add-Subt/FPU_Add_Subtract_Function.v">
      <FileInfo>
        <Attr Name="ImportPath" Val="$PPRDIR/../../../../Documents/PG/FINAL/FINAL.srcs/sources_1/imports/Add-Subt/FPU_Add_Subtract_Function.v"/>
        <Attr Name="ImportTime" Val="1476056350"/>
        <Attr Name="UsedIn" Val="synthesis"/>
        <Attr Name="UsedIn" Val="implementation"/>
        <Attr Name="UsedIn" Val="simulation"/>
      </FileInfo>
    </File>
    <File Path="$PSRCDIR/sources_1/imports/new/Coprocesador_CORDIC.v">
      <FileInfo>
        <Attr Name="ImportPath" Val="$PPRDIR/../../../../Documents/Documents/Juan Jose/Dropbox/Proyecto Graduación/RTL/sources_1/new/Coprocesador_CORDIC.v"/>
        <Attr Name="ImportTime" Val="1467572988"/>
        <Attr Name="UsedIn" Val="synthesis"/>
        <Attr Name="UsedIn" Val="implementation"/>
        <Attr Name="UsedIn" Val="simulation"/>
      </FileInfo>
    </File>
    <File Path="$PSRCDIR/sources_1/imports/new/FSM_C_CORDIC.v">
      <FileInfo>
        <Attr Name="ImportPath" Val="$PPRDIR/../../../../Documents/Documents/Juan Jose/Dropbox/Proyecto Graduación/RTL/sources_1/new/FSM_C_CORDIC.v"/>
        <Attr Name="ImportTime" Val="1464540350"/>
        <Attr Name="UsedIn" Val="synthesis"/>
        <Attr Name="UsedIn" Val="implementation"/>
        <Attr Name="UsedIn" Val="simulation"/>
      </FileInfo>
    </File>
    <File Path="$PSRCDIR/sources_1/imports/new/LINEALIZADOR.v">
      <FileInfo>
        <Attr Name="ImportPath" Val="$PPRDIR/../../../../Documents/Documents/Juan Jose/Dropbox/Proyecto Graduación/RTL/sources_1/new/LINEALIZADOR.v"/>
        <Attr Name="ImportTime" Val="1460241266"/>
        <Attr Name="UsedIn" Val="synthesis"/>
        <Attr Name="UsedIn" Val="implementation"/>
        <Attr Name="UsedIn" Val="simulation"/>
      </FileInfo>
    </File>
    <Config>
      <Option Name="DesignMode" Val="RTL"/>
      <Option Name="TopModule" Val="LINEALIZADOR"/>
      <Option Name="TopAutoSet" Val="TRUE"/>
    </Config>
  </FileSet>
  <FileSet Name="constrs_in" Type="Constrs" RelSrcDir="$PSRCDIR/constrs_1">
    <Filter Type="Constrs"/>
    <Config>
      <Option Name="ConstrsType" Val="XDC"/>
    </Config>
  </FileSet>
  <Strategy Version="1" Minor="2">
    <StratHandle Name="Vivado Synthesis Defaults" Flow="Vivado Synthesis 2015"/>
    <Step Id="synth_design">
      <Option Id="FsmExtraction">1</Option>
    </Step>
  </Strategy>
</GenRun>
